trial_num,sentence_id,word,event_time,real_time
1,S322,Ήταν,0:00:01.358750,11:22:29.041
1,S322,ο,0:00:01.914918,11:22:29.597
1,S322,Πέτρος,0:00:02.470497,11:22:30.152
1,S322,που,0:00:03.025743,11:22:30.708
1,S322,κάλεσε,0:00:03.673809,11:22:31.355
1,S322,τόσα,0:00:04.229556,11:22:31.910
,PAUSE_START,,0:00:04.571239,11:22:32.250
